Kategori_Hari,AVG(Rata_Daya_kW),SUM(Durasi_Menit)
Profil Boros Ekstrem,3.7742261001517488,50515
Profil Normal,1.8457339385474847,679654
Profil Hemat,0.5823628750872293,1319111
